timestamp,temperature,windSpeed,shortForecast
2026-02-23 13:00:00-06:00,60,5 mph,Sunny
2026-02-23 14:00:00-06:00,62,5 mph,Sunny
2026-02-23 15:00:00-06:00,62,5 mph,Sunny
2026-02-23 16:00:00-06:00,62,5 mph,Sunny
2026-02-23 17:00:00-06:00,61,5 mph,Sunny
2026-02-23 18:00:00-06:00,60,5 mph,Mostly Clear
2026-02-23 19:00:00-06:00,58,5 mph,Clear
2026-02-23 20:00:00-06:00,55,0 mph,Clear
2026-02-23 21:00:00-06:00,53,0 mph,Clear
2026-02-23 22:00:00-06:00,52,0 mph,Clear
2026-02-23 23:00:00-06:00,51,0 mph,Clear
2026-02-24 00:00:00-06:00,50,0 mph,Clear
2026-02-24 01:00:00-06:00,48,0 mph,Clear
2026-02-24 02:00:00-06:00,46,0 mph,Clear
2026-02-24 03:00:00-06:00,45,0 mph,Clear
2026-02-24 04:00:00-06:00,44,0 mph,Clear
2026-02-24 05:00:00-06:00,44,0 mph,Clear
2026-02-24 06:00:00-06:00,44,0 mph,Sunny
2026-02-24 07:00:00-06:00,44,0 mph,Sunny
2026-02-24 08:00:00-06:00,48,5 mph,Sunny
2026-02-24 09:00:00-06:00,55,5 mph,Sunny
2026-02-24 10:00:00-06:00,60,5 mph,Sunny
2026-02-24 11:00:00-06:00,62,10 mph,Sunny
2026-02-24 12:00:00-06:00,66,10 mph,Sunny
2026-02-24 13:00:00-06:00,69,10 mph,Sunny
2026-02-24 14:00:00-06:00,69,10 mph,Sunny
2026-02-24 15:00:00-06:00,69,15 mph,Sunny
2026-02-24 16:00:00-06:00,70,15 mph,Sunny
2026-02-24 17:00:00-06:00,68,15 mph,Sunny
2026-02-24 18:00:00-06:00,65,15 mph,Mostly Clear
2026-02-24 19:00:00-06:00,64,15 mph,Mostly Clear
2026-02-24 20:00:00-06:00,61,15 mph,Partly Cloudy
2026-02-24 21:00:00-06:00,61,15 mph,Partly Cloudy
2026-02-24 22:00:00-06:00,61,15 mph,Partly Cloudy
2026-02-24 23:00:00-06:00,61,10 mph,Partly Cloudy
2026-02-25 00:00:00-06:00,61,10 mph,Partly Cloudy
2026-02-25 01:00:00-06:00,61,10 mph,Partly Cloudy
2026-02-25 02:00:00-06:00,61,10 mph,Partly Cloudy
2026-02-25 03:00:00-06:00,62,10 mph,Partly Cloudy
2026-02-25 04:00:00-06:00,62,10 mph,Partly Cloudy
2026-02-25 05:00:00-06:00,62,10 mph,Partly Cloudy
2026-02-25 06:00:00-06:00,63,10 mph,Mostly Sunny
2026-02-25 07:00:00-06:00,65,10 mph,Mostly Sunny
2026-02-25 08:00:00-06:00,66,15 mph,Mostly Sunny
2026-02-25 09:00:00-06:00,69,15 mph,Mostly Sunny
2026-02-25 10:00:00-06:00,72,15 mph,Mostly Sunny
2026-02-25 11:00:00-06:00,75,15 mph,Mostly Sunny
2026-02-25 12:00:00-06:00,77,15 mph,Mostly Sunny
2026-02-25 13:00:00-06:00,79,15 mph,Mostly Sunny
2026-02-25 14:00:00-06:00,79,15 mph,Mostly Sunny
2026-02-25 15:00:00-06:00,79,15 mph,Mostly Sunny
2026-02-25 16:00:00-06:00,78,15 mph,Mostly Sunny
2026-02-25 17:00:00-06:00,76,15 mph,Sunny
2026-02-25 18:00:00-06:00,74,15 mph,Mostly Clear
2026-02-25 19:00:00-06:00,72,15 mph,Mostly Clear
2026-02-25 20:00:00-06:00,70,15 mph,Partly Cloudy
2026-02-25 21:00:00-06:00,69,15 mph,Partly Cloudy
2026-02-25 22:00:00-06:00,68,15 mph,Partly Cloudy
2026-02-25 23:00:00-06:00,68,15 mph,Partly Cloudy
2026-02-26 00:00:00-06:00,68,15 mph,Partly Cloudy
2026-02-26 01:00:00-06:00,68,15 mph,Partly Cloudy
2026-02-26 02:00:00-06:00,68,15 mph,Partly Cloudy
2026-02-26 03:00:00-06:00,68,15 mph,Partly Cloudy
2026-02-26 04:00:00-06:00,68,10 mph,Partly Cloudy
2026-02-26 05:00:00-06:00,68,10 mph,Partly Cloudy
2026-02-26 06:00:00-06:00,68,10 mph,Mostly Sunny
2026-02-26 07:00:00-06:00,68,10 mph,Mostly Sunny
2026-02-26 08:00:00-06:00,69,10 mph,Mostly Sunny
2026-02-26 09:00:00-06:00,71,10 mph,Mostly Sunny
2026-02-26 10:00:00-06:00,74,10 mph,Mostly Sunny
2026-02-26 11:00:00-06:00,76,10 mph,Mostly Sunny
2026-02-26 12:00:00-06:00,79,10 mph,Mostly Sunny
2026-02-26 13:00:00-06:00,81,10 mph,Sunny
2026-02-26 14:00:00-06:00,83,10 mph,Sunny
2026-02-26 15:00:00-06:00,83,10 mph,Sunny
2026-02-26 16:00:00-06:00,82,10 mph,Sunny
2026-02-26 17:00:00-06:00,81,10 mph,Sunny
2026-02-26 18:00:00-06:00,78,10 mph,Mostly Clear
2026-02-26 19:00:00-06:00,76,10 mph,Mostly Clear
2026-02-26 20:00:00-06:00,73,10 mph,Mostly Clear
2026-02-26 21:00:00-06:00,71,10 mph,Mostly Clear
2026-02-26 22:00:00-06:00,69,10 mph,Mostly Clear
2026-02-26 23:00:00-06:00,68,5 mph,Mostly Clear
2026-02-27 00:00:00-06:00,67,5 mph,Mostly Clear
2026-02-27 01:00:00-06:00,66,5 mph,Mostly Clear
2026-02-27 02:00:00-06:00,64,5 mph,Mostly Clear
2026-02-27 03:00:00-06:00,63,5 mph,Mostly Clear
2026-02-27 04:00:00-06:00,61,5 mph,Mostly Clear
2026-02-27 05:00:00-06:00,60,5 mph,Mostly Clear
2026-02-27 06:00:00-06:00,59,5 mph,Sunny
2026-02-27 07:00:00-06:00,60,5 mph,Sunny
2026-02-27 08:00:00-06:00,62,5 mph,Sunny
2026-02-27 09:00:00-06:00,64,5 mph,Sunny
2026-02-27 10:00:00-06:00,68,5 mph,Sunny
2026-02-27 11:00:00-06:00,71,5 mph,Sunny
2026-02-27 12:00:00-06:00,75,5 mph,Sunny
2026-02-27 13:00:00-06:00,77,5 mph,Sunny
2026-02-27 14:00:00-06:00,78,5 mph,Sunny
2026-02-27 15:00:00-06:00,79,5 mph,Sunny
2026-02-27 16:00:00-06:00,78,5 mph,Sunny
2026-02-27 17:00:00-06:00,77,5 mph,Sunny
2026-02-27 18:00:00-06:00,75,5 mph,Clear
2026-02-27 19:00:00-06:00,72,5 mph,Clear
2026-02-27 20:00:00-06:00,70,5 mph,Clear
2026-02-27 21:00:00-06:00,67,5 mph,Clear
2026-02-27 22:00:00-06:00,65,5 mph,Mostly Clear
2026-02-27 23:00:00-06:00,64,5 mph,Mostly Clear
2026-02-28 00:00:00-06:00,63,5 mph,Mostly Clear
2026-02-28 01:00:00-06:00,62,5 mph,Mostly Clear
2026-02-28 02:00:00-06:00,60,5 mph,Mostly Clear
2026-02-28 03:00:00-06:00,59,5 mph,Mostly Clear
2026-02-28 04:00:00-06:00,58,5 mph,Mostly Clear
2026-02-28 05:00:00-06:00,58,0 mph,Mostly Clear
2026-02-28 06:00:00-06:00,59,0 mph,Sunny
2026-02-28 07:00:00-06:00,60,0 mph,Sunny
2026-02-28 08:00:00-06:00,62,5 mph,Sunny
2026-02-28 09:00:00-06:00,65,5 mph,Sunny
2026-02-28 10:00:00-06:00,69,5 mph,Sunny
2026-02-28 11:00:00-06:00,73,5 mph,Sunny
2026-02-28 12:00:00-06:00,77,5 mph,Sunny
2026-02-28 13:00:00-06:00,79,5 mph,Sunny
2026-02-28 14:00:00-06:00,80,10 mph,Sunny
2026-02-28 15:00:00-06:00,80,10 mph,Sunny
2026-02-28 16:00:00-06:00,79,10 mph,Sunny
2026-02-28 17:00:00-06:00,77,10 mph,Sunny
2026-02-28 18:00:00-06:00,75,10 mph,Mostly Clear
2026-02-28 19:00:00-06:00,72,10 mph,Mostly Clear
2026-02-28 20:00:00-06:00,69,10 mph,Mostly Clear
2026-02-28 21:00:00-06:00,67,10 mph,Mostly Clear
2026-02-28 22:00:00-06:00,66,5 mph,Mostly Clear
2026-02-28 23:00:00-06:00,65,5 mph,Mostly Clear
2026-03-01 00:00:00-06:00,65,5 mph,Partly Cloudy
2026-03-01 01:00:00-06:00,64,5 mph,Partly Cloudy
2026-03-01 02:00:00-06:00,64,5 mph,Partly Cloudy
2026-03-01 03:00:00-06:00,63,5 mph,Partly Cloudy
2026-03-01 04:00:00-06:00,62,5 mph,Partly Cloudy
2026-03-01 05:00:00-06:00,62,5 mph,Mostly Cloudy
2026-03-01 06:00:00-06:00,62,5 mph,Partly Sunny
2026-03-01 07:00:00-06:00,63,5 mph,Partly Sunny
2026-03-01 08:00:00-06:00,65,5 mph,Partly Sunny
2026-03-01 09:00:00-06:00,68,5 mph,Mostly Sunny
2026-03-01 10:00:00-06:00,71,10 mph,Mostly Sunny
2026-03-01 11:00:00-06:00,74,10 mph,Mostly Sunny
2026-03-01 12:00:00-06:00,77,10 mph,Mostly Sunny
2026-03-01 13:00:00-06:00,78,10 mph,Sunny
2026-03-01 14:00:00-06:00,79,10 mph,Sunny
2026-03-01 15:00:00-06:00,79,10 mph,Sunny
2026-03-01 16:00:00-06:00,78,10 mph,Sunny
2026-03-01 17:00:00-06:00,77,10 mph,Sunny
2026-03-01 18:00:00-06:00,74,10 mph,Mostly Clear
2026-03-01 19:00:00-06:00,72,10 mph,Mostly Clear
2026-03-01 20:00:00-06:00,70,10 mph,Mostly Clear
2026-03-01 21:00:00-06:00,68,10 mph,Partly Cloudy
2026-03-01 22:00:00-06:00,67,10 mph,Partly Cloudy
2026-03-01 23:00:00-06:00,66,10 mph,Partly Cloudy
2026-03-02 00:00:00-06:00,66,5 mph,Partly Cloudy
